<!DOCTYPE hibernate-mapping PUBLIC
        "-//Hibernate/Hibernate Mapping DTD 3.0//EN"
        "http://hibernate.sourceforge.net/hibernate-mapping-3.0.dtd">
<hibernate-mapping>
	
    <class name="onetomany.Employee" table="EMPLOYEE">
   
        <id name="eid" type="java.lang.Integer">			
			<generator class="hilo" />
		</id>
        <property name="ename" />
        <property name="esal" />
        
      <set name="addresses" table ="ADDRESS" cascade="all" inverse="true" lazy="false">
        <key column="EMPLOYEE_EID"/>
        <one-to-many class="onetomany.Address"/>
       </set> 
     
	</class>
	
	<class name="onetomany.Address" table="ADDRESS">
        <id name="aid" type="int" unsaved-value="0">
            <generator class="hilo"/>
        </id>
        <property name="street" />
        <property name="city" />
		<many-to-one name="emp" column="EMPLOYEE_EID" class="onetomany.Employee"/>     
	</class>
	
	
</hibernate-mapping>
