<beans xmlns="http://www.springframework.org/schema/beans"
xmlns:xsi="http://www.w3.org/2001/XMLSchema-instance"
xmlns:context="http://www.springframework.org/schema/context"
xmlns:tx="http://www.springframework.org/schema/tx"
xsi:schemaLocation="http://www.springframework.org/schema/beans
http://www.springframework.org/schema/beans/spring-beans-3.0.xsd
http://www.springframework.org/schema/context
http://www.springframework.org/schema/context/spring-context-3.0.xsd
http://www.springframework.org/schema/tx
http://www.springframework.org/schema/tx/spring-tx-3.0.xsd">

	<bean id="pointcutadvice1" class="org.springframework.aop.support.NameMatchMethodPointcutAdvisor">
		<property name="mappedName"><value>sell*</value></property>
		<property name="advice"><ref bean="wadvice"/></property>
	</bean>
	
	<bean id="pointcutadvice2" class="org.springframework.aop.support.NameMatchMethodPointcutAdvisor">
		<property name="mappedName"><value>sell*</value></property>
		<property name="advice"><ref bean="eadvice"/></property>
	</bean>
	
	<bean id="pointcutadvice3" class="org.springframework.aop.support.NameMatchMethodPointcutAdvisor">
		<property name="mappedName"><value>sell*</value></property>
		<property name="advice"><ref bean="vadvice"/></property>
	</bean>
	
	<bean id="pointcutadvice4" class="org.springframework.aop.support.NameMatchMethodPointcutAdvisor">
		<property name="mappedName"><value>sell*</value></property>
		<property name="advice"><ref bean="tadvice"/></property>
	</bean>

<bean id="exportImpl" class="factorypack.ExportImpl"/>

<bean id="exportAdvice" class=" org.springframework.aop.support.DefaultIntroductionAdvisor">
	<constructor-arg>
		<ref bean="exportImpl"/>
	</constructor-arg>
</bean>	
</beans>




